Title,LeetCode
Two Sum - Leetcode 1 - HashMap - Python,1
Reverse Integer - Bit Manipulation - Leetcode 7 - Python,7
Valid Parentheses - Stack - Leetcode 20 - Python,20
Merge Two Sorted Lists - Leetcode 21 - Python,21
Remove Duplicates from Sorted Array - Leetcode 26 - Python,26
Remove Element - Leetcode 27 - Python,27
Find the Index of the First Occurrence in a String - Leetcode 28 - Python,28
Knuth–Morris–Pratt KMP - Find the Index of the First Occurrence in a String - Leetcode 28 - Python,28
Search Insert Position - Binary Search - Leetcode 35 - Python,35
Maximum Subarray - Amazon Coding Interview Question - Leetcode 53 - Python,53
Length of Last Word - Leetcode 58 - Python,58
Climbing Stairs - Dynamic Programming - Leetcode 70 - Python,70
Remove Duplicates from Sorted List - Leetcode 83 - Python,83
Merge Sorted Array - Leetcode 88 - Python,88
Iterative & Recursive - Binary Tree Inorder Traversal - Leetcode 94 - Python,94
Path Sum - Leetcode 112 - Python,112
Sliding Window: Best Time to Buy and Sell Stock - Leetcode 121 - Python,121
Valid Palindrome - Leetcode 125 - Python,125
Single Number - Leetcode 136 - Python,136
Design Min Stack - Amazon Interview Question - Leetcode 155 - Python,155
Intersection of Two Linked Lists - Leetcode 160 - Python,160
TWO SUM II - Amazon Coding Interview Question - Leetcode 167 - Python,167
Majority Element - Leetcode 169 - Python,169
Number of 1 Bits - Leetcode 191 - Python,191
House Robber - Leetcode 198 - Python Dynamic Programming,198
Happy Number - Leetcode 202 - Python,202
Remove Linked List Elements - Leetcode 203,203
Isomorphic Strings - Leetcode 205 - Python,205
Reverse Linked List - Iterative AND Recursive - Leetcode 206 - Python,206
Contains Duplicate - Leetcode 217 - Python,217
Implement Stack using Queues - Leetcode 225 - Python,225
Invert Binary Tree - Depth First Search - Leetcode 226,226
Palindrome Linked List - Leetcode 234 - Python,234
Lowest Common Ancestor of a Binary Search Tree - Leetcode 235 - Python,235
Valid Anagram - Leetcode 242 - Python,242
Ugly Number - Leetcode 263 - Python,263
Move Zeroes - Leetcode 283 - Python,283
Word Pattern - Leetcode 290 - Python,290
Reverse String - 3 Ways - Leetcode 344 - Python,344
Valid Perfect Square - Leetcode 367 - Python,367
Guess Number Higher or Lower - Leetcode 374 - Python,374
Arranging Coins - Leetcode 441 - Python,441
Find All Numbers Disappeared in an Array - Leetcode 448 - Python,448
Next Greater Element I - Leetcode 496 - Python,496
Diameter of a Binary Tree - Leetcode 543 - Python,543
Subtree of Another Tree - Leetcode 572 - Python,572
Can Place Flowers - Leetcode 605 - Python,605
Construct String from Binary Tree - Leetcode 606 - Python,606
Merge Two Binary Trees - Leetcode 617,617
Valid Palindrome II - Leetcode 680 - Python,680
Baseball Game - Leetcode 682 - Python,682
Kth Largest Element in a Stream - Leetcode 703 - Python,703
Binary Search - Leetcode 704 - Python,704
Find Pivot Index - Leetcode 724 - Python,724
Min Cost Climbing Stairs - Dynamic Programming - Leetcode 746 - Python,746
Unique Email Addresses - Two Solutions - Leetcode 929 Python,929
Squares of a Sorted Array - Leetcode 977 - Python,977
Last Stone Weight - Priority Queue - Leetcode 1046 - Python,1046
Maximum Number of Balloons - Leetcode 1189 - Python,1189
Shift 2D Grid - Leetcode 1260 - Python,1260
Leetcode 1299 - REPLACE ELEMENTS WITH GREATEST ELEMENT ON RIGHT SIDE,1299
